{
    "step": 9,
    "loss": 0.024703871458768845,
    "acc": 0.9918500185012817,
    "val_loss": 0.038970574736595154,
    "val_acc": 0.9873999953269958
}