{
    "step": 11,
    "loss": 0.03435734286904335,
    "acc": 0.9886999726295471,
    "val_loss": 0.03555286303162575,
    "val_acc": 0.9876999855041504
}