{
    "step": 7,
    "loss": 0.06598857790231705,
    "acc": 0.9782333374023438,
    "val_loss": 0.044170282781124115,
    "val_acc": 0.9850999712944031
}