{
    "step": 9,
    "loss": 0.038339752703905106,
    "acc": 0.9878000020980835,
    "val_loss": 0.03595881164073944,
    "val_acc": 0.9872999787330627
}