{
    "step": 9,
    "loss": 0.047089532017707825,
    "acc": 0.9845499992370605,
    "val_loss": 0.03785335272550583,
    "val_acc": 0.9884999990463257
}