{"loss": 0.036206524819135666, "acc": 0.9865999817848206}