{"loss": 0.25789085030555725, "acc": 0.9067000150680542}