{"loss": 0.03555286303162575, "acc": 0.9876999855041504}