{"loss": 0.03785335272550583, "acc": 0.9884999990463257}