{"loss": 0.03595881164073944, "acc": 0.9872999787330627}