{"loss": 0.038970574736595154, "acc": 0.9873999953269958}