{"loss": 0.044170282781124115, "acc": 0.9850999712944031}